0.130075,0.162215,0.0,0.162605,0.0,0.194078,0.19426,warm_cpu_to_active_process,NONE
0.144571,0.17415,0.0,0.174457,0.0,0.226264,0.226439,warm_cpu_to_active_process,NONE
0.130001,0.137851,0.0,0.138171,0.0,0.156766,0.156953,warm_cpu_to_active_process,NONE
0.136236,0.144001,0.0,0.144452,0.0,0.177137,0.177309,warm_cpu_to_active_process,NONE
0.132672,0.160664,0.0,0.162719,0.0,0.189129,0.18937,warm_cpu_to_active_process,NONE
0.1333,0.176068,0.0,0.176457,0.0,0.20077,0.200979,warm_cpu_to_active_process,NONE
0.126754,0.149167,0.0,0.149397,0.0,0.164724,0.164873,warm_cpu_to_active_process,NONE
0.1304,0.148652,0.0,0.148921,0.0,0.182639,0.183057,warm_cpu_to_active_process,NONE
0.119458,0.154271,0.0,0.154564,0.0,0.191061,0.191252,warm_cpu_to_active_process,NONE
0.137644,0.178939,0.0,0.179231,0.0,0.205672,0.20587,warm_cpu_to_active_process,NONE
0.116289,0.150897,0.0,0.151163,0.0,0.171585,0.171779,warm_cpu_to_active_process,NONE
0.14045,0.178212,0.0,0.178515,0.0,0.19762,0.197768,warm_cpu_to_active_process,NONE
0.115513,0.138324,0.0,0.138567,0.0,0.179222,0.179427,warm_cpu_to_active_process,NONE
0.128947,0.166156,0.0,0.166457,0.0,0.182589,0.182737,warm_cpu_to_active_process,NONE
0.14004,0.170416,0.0,0.170609,0.0,0.194751,0.194935,warm_cpu_to_active_process,NONE
0.15442,0.168439,0.0,0.168592,0.0,0.209067,0.209256,warm_cpu_to_active_process,NONE
0.158661,0.186807,0.0,0.187039,0.0,0.225234,0.225599,warm_cpu_to_active_process,NONE
0.103205,0.147415,0.0,0.147768,0.0,0.174304,0.17451,warm_cpu_to_active_process,NONE
0.132697,0.151221,0.0,0.151457,0.0,0.180274,0.180441,warm_cpu_to_active_process,NONE
0.119344,0.13131,0.0,0.131642,0.0,0.151298,0.151476,warm_cpu_to_active_process,NONE
0.117452,0.142862,0.0,0.143277,0.0,0.182977,0.183194,warm_cpu_to_active_process,NONE
0.152742,0.173492,0.0,0.173755,0.0,0.208312,0.208462,warm_cpu_to_active_process,NONE
0.149837,0.179515,0.0,0.179834,0.0,0.200952,0.201156,warm_cpu_to_active_process,NONE
0.126861,0.156295,0.0,0.15656,0.0,0.19612,0.196354,warm_cpu_to_active_process,NONE
0.124023,0.149894,0.0,0.15017,0.0,0.189184,0.189345,warm_cpu_to_active_process,NONE
0.132469,0.163347,0.0,0.163653,0.0,0.198422,0.198609,warm_cpu_to_active_process,NONE
0.12421,0.161556,0.0,0.161962,0.0,0.194035,0.194253,warm_cpu_to_active_process,NONE
0.137988,0.153985,0.0,0.154305,0.0,0.181871,0.182029,warm_cpu_to_active_process,NONE
0.127255,0.163597,0.0,0.164017,0.0,0.206311,0.206855,warm_cpu_to_active_process,NONE
0.119027,0.142864,0.0,0.143256,0.0,0.158291,0.158495,warm_cpu_to_active_process,NONE
0.096865,0.131082,0.0,0.131406,0.0,0.158058,0.158204,warm_cpu_to_active_process,NONE
0.133147,0.149479,0.0,0.149762,0.0,0.162731,0.162936,warm_cpu_to_active_process,NONE
0.134731,0.149384,0.0,0.149715,0.0,0.182646,0.182846,warm_cpu_to_active_process,NONE
0.136849,0.172592,0.0,0.172905,0.0,0.186147,0.186343,warm_cpu_to_active_process,NONE
0.144104,0.172282,0.0,0.172544,0.0,0.187068,0.187234,warm_cpu_to_active_process,NONE
0.111814,0.131347,0.0,0.13165,0.0,0.156187,0.15639,warm_cpu_to_active_process,NONE
0.134969,0.147686,0.0,0.147984,0.0,0.161435,0.161657,warm_cpu_to_active_process,NONE
0.133643,0.141305,0.0,0.141626,0.0,0.15992,0.160068,warm_cpu_to_active_process,NONE
0.111869,0.155482,0.0,0.155731,0.0,0.181278,0.181428,warm_cpu_to_active_process,NONE
0.118645,0.150481,0.0,0.150863,0.0,0.18946,0.189621,warm_cpu_to_active_process,NONE
0.124082,0.139002,0.0,0.139361,0.0,0.14705,0.147249,warm_cpu_to_active_process,NONE
0.116833,0.143219,0.0,0.143682,0.0,0.174289,0.174548,warm_cpu_to_active_process,NONE
0.156725,0.17755,0.0,0.177797,0.0,0.191671,0.19184,warm_cpu_to_active_process,NONE
0.156024,0.184584,0.0,0.184992,0.0,0.196377,0.196584,warm_cpu_to_active_process,NONE
0.105542,0.140432,0.0,0.140774,0.0,0.165179,0.165388,warm_cpu_to_active_process,NONE
0.134418,0.15366,0.0,0.153993,0.0,0.196242,0.19641,warm_cpu_to_active_process,NONE
0.128611,0.154058,0.0,0.154387,0.0,0.178009,0.178168,warm_cpu_to_active_process,NONE
0.15015,0.175074,0.0,0.175395,0.0,0.195895,0.19611,warm_cpu_to_active_process,NONE
0.167877,0.192834,0.0,0.193158,0.0,0.226389,0.226578,warm_cpu_to_active_process,NONE
0.130143,0.162376,0.0,0.162596,0.0,0.204534,0.204733,warm_cpu_to_active_process,NONE
0.139343,0.162035,0.0,0.162366,0.0,0.191506,0.191702,warm_cpu_to_active_process,NONE
0.147367,0.165227,0.0,0.165497,0.0,0.185071,0.185257,warm_cpu_to_active_process,NONE
0.140963,0.177669,0.0,0.177993,0.0,0.189515,0.189722,warm_cpu_to_active_process,NONE
0.122494,0.152764,0.0,0.153128,0.0,0.181325,0.181538,warm_cpu_to_active_process,NONE
0.109556,0.116069,0.0,0.116413,0.0,0.129858,0.130023,warm_cpu_to_active_process,NONE
0.16166,0.194289,0.0,0.194594,0.0,0.226182,0.226332,warm_cpu_to_active_process,NONE
0.139418,0.166154,0.0,0.166516,0.0,0.190131,0.190388,warm_cpu_to_active_process,NONE
0.150759,0.188849,0.0,0.189197,0.0,0.236902,0.237077,warm_cpu_to_active_process,NONE
0.148241,0.181795,0.0,0.182114,0.0,0.212041,0.212244,warm_cpu_to_active_process,NONE
0.156145,0.177504,0.0,0.17786,0.0,0.198944,0.19913,warm_cpu_to_active_process,NONE
0.13639,0.153003,0.0,0.153332,0.0,0.184842,0.184999,warm_cpu_to_active_process,NONE
0.151742,0.17649,0.0,0.176855,0.0,0.200885,0.201065,warm_cpu_to_active_process,NONE
0.141214,0.170903,0.0,0.171272,0.0,0.210715,0.210931,warm_cpu_to_active_process,NONE
0.108098,0.139138,0.0,0.139375,0.0,0.163129,0.163292,warm_cpu_to_active_process,NONE
0.148614,0.179057,0.0,0.179326,0.0,0.205608,0.205766,warm_cpu_to_active_process,NONE
0.151356,0.181526,0.0,0.181787,0.0,0.197677,0.197841,warm_cpu_to_active_process,NONE
0.122619,0.140631,0.0,0.141068,0.0,0.183032,0.18319,warm_cpu_to_active_process,NONE
0.141476,0.167639,0.0,0.167977,0.0,0.18761,0.187795,warm_cpu_to_active_process,NONE
0.110516,0.150602,0.0,0.150879,0.0,0.177035,0.177184,warm_cpu_to_active_process,NONE
0.143558,0.165656,0.0,0.165861,0.0,0.197402,0.197935,warm_cpu_to_active_process,NONE
0.15964,0.18304,0.0,0.183274,0.0,0.204997,0.20517,warm_cpu_to_active_process,NONE
0.105137,0.117032,0.0,0.11736,0.0,0.158452,0.158645,warm_cpu_to_active_process,NONE
0.156403,0.189237,0.0,0.189477,0.0,0.215208,0.215421,warm_cpu_to_active_process,NONE
0.106423,0.131412,0.0,0.131777,0.0,0.162387,0.162565,warm_cpu_to_active_process,NONE
0.13261,0.150635,0.0,0.150931,0.0,0.16579,0.166031,warm_cpu_to_active_process,NONE
0.154847,0.179168,0.0,0.179428,0.0,0.228893,0.229092,warm_cpu_to_active_process,NONE
0.124489,0.165151,0.0,0.165401,0.0,0.192505,0.192728,warm_cpu_to_active_process,NONE
0.124987,0.154445,0.0,0.154693,0.0,0.187768,0.18794,warm_cpu_to_active_process,NONE
0.116505,0.135136,0.0,0.135589,0.0,0.169745,0.169907,warm_cpu_to_active_process,NONE
0.138868,0.16369,0.0,0.163938,0.0,0.18791,0.188096,warm_cpu_to_active_process,NONE
0.115341,0.131957,0.0,0.132276,0.0,0.156904,0.157139,warm_cpu_to_active_process,NONE
0.153187,0.170201,0.0,0.170432,0.0,0.2041,0.204265,warm_cpu_to_active_process,NONE
0.15028,0.183944,0.0,0.184262,0.0,0.204079,0.204269,warm_cpu_to_active_process,NONE
0.105081,0.125592,0.0,0.125896,0.0,0.145845,0.146028,warm_cpu_to_active_process,NONE
0.144489,0.195453,0.0,0.195807,0.0,0.223719,0.223883,warm_cpu_to_active_process,NONE
0.137528,0.150594,0.0,0.150901,0.0,0.185788,0.186048,warm_cpu_to_active_process,NONE
0.129325,0.163873,0.0,0.164248,0.0,0.177363,0.177573,warm_cpu_to_active_process,NONE
0.136357,0.164456,0.0,0.164794,0.0,0.189496,0.189679,warm_cpu_to_active_process,NONE
0.130731,0.163643,0.0,0.16403,0.0,0.166374,0.166581,warm_cpu_to_active_process,NONE
0.119977,0.128653,0.0,0.128999,0.0,0.145849,0.146044,warm_cpu_to_active_process,NONE
0.123593,0.141231,0.0,0.141653,0.0,0.173417,0.173618,warm_cpu_to_active_process,NONE
0.154645,0.179306,0.0,0.179526,0.0,0.204014,0.204281,warm_cpu_to_active_process,NONE
0.108615,0.144102,0.0,0.144437,0.0,0.179745,0.179937,warm_cpu_to_active_process,NONE
0.142165,0.16221,0.0,0.162548,0.0,0.165274,0.165473,warm_cpu_to_active_process,NONE
0.108561,0.13955,0.0,0.139909,0.0,0.17093,0.171148,warm_cpu_to_active_process,NONE
0.140015,0.162028,0.0,0.162347,0.0,0.195796,0.196068,warm_cpu_to_active_process,NONE
0.12247,0.139242,0.0,0.13954,0.0,0.154342,0.154577,warm_cpu_to_active_process,NONE
0.107627,0.1314,0.0,0.131795,0.0,0.155957,0.156136,warm_cpu_to_active_process,NONE
0.145102,0.175659,0.0,0.175924,0.0,0.209787,0.209945,warm_cpu_to_active_process,NONE
0.146994,0.168329,0.0,0.168584,0.0,0.186713,0.186883,warm_cpu_to_active_process,NONE
0.146857,0.179313,0.0,0.179594,0.0,0.206503,0.206639,warm_cpu_to_active_process,NONE
0.132577,0.148306,0.0,0.148563,0.0,0.161251,0.161433,warm_cpu_to_active_process,NONE
0.160922,0.198094,0.0,0.198357,0.0,0.229986,0.230156,warm_cpu_to_active_process,NONE
0.118965,0.144312,0.0,0.144551,0.0,0.166915,0.167122,warm_cpu_to_active_process,NONE
0.139395,0.164076,0.0,0.164427,0.0,0.196455,0.196608,warm_cpu_to_active_process,NONE
0.135573,0.169169,0.0,0.169464,0.0,0.211396,0.211547,warm_cpu_to_active_process,NONE
0.134467,0.166664,0.0,0.16698,0.0,0.184187,0.18437,warm_cpu_to_active_process,NONE
0.156525,0.169983,0.0,0.170286,0.0,0.215384,0.215589,warm_cpu_to_active_process,NONE
0.096865,0.141604,0.0,0.141929,0.0,0.182029,0.182283,warm_cpu_to_active_process,NONE
0.149367,0.192602,0.0,0.192873,0.0,0.213258,0.213431,warm_cpu_to_active_process,NONE
0.104259,0.137209,0.0,0.137484,0.0,0.161315,0.161474,warm_cpu_to_active_process,NONE
0.117805,0.149318,0.0,0.149642,0.0,0.17603,0.176201,warm_cpu_to_active_process,NONE
0.131047,0.164736,0.0,0.165049,0.0,0.181573,0.181778,warm_cpu_to_active_process,NONE
0.138974,0.177278,0.0,0.177702,0.0,0.204029,0.20422,warm_cpu_to_active_process,NONE
0.103333,0.13745,0.0,0.137824,0.0,0.171586,0.171744,warm_cpu_to_active_process,NONE
0.133991,0.160942,0.0,0.161281,0.0,0.191239,0.19143,warm_cpu_to_active_process,NONE
0.094339,0.130702,0.0,0.131078,0.0,0.176649,0.176852,warm_cpu_to_active_process,NONE
0.144971,0.170914,0.0,0.171225,0.0,0.18532,0.185734,warm_cpu_to_active_process,NONE
0.132227,0.16229,0.0,0.162601,0.0,0.191118,0.191332,warm_cpu_to_active_process,NONE
0.152654,0.178744,0.0,0.17907,0.0,0.215731,0.215918,warm_cpu_to_active_process,NONE
0.115499,0.142096,0.0,0.142594,0.0,0.177683,0.177838,warm_cpu_to_active_process,NONE
0.115339,0.127342,0.0,0.127649,0.0,0.140319,0.140476,warm_cpu_to_active_process,NONE
0.124702,0.166647,0.0,0.167019,0.0,0.181823,0.182039,warm_cpu_to_active_process,NONE
0.132344,0.162462,0.0,0.162783,0.0,0.203458,0.203656,warm_cpu_to_active_process,NONE
0.149458,0.172032,0.0,0.17228,0.0,0.192052,0.192238,warm_cpu_to_active_process,NONE
0.15591,0.17493,0.0,0.175199,0.0,0.20552,0.205721,warm_cpu_to_active_process,NONE
0.141892,0.158237,0.0,0.158481,0.0,0.179574,0.179733,warm_cpu_to_active_process,NONE
0.142319,0.186292,0.0,0.18655,0.0,0.214527,0.214763,warm_cpu_to_active_process,NONE
0.180255,0.210323,0.0,0.210651,0.0,0.246765,0.246955,warm_cpu_to_active_process,NONE
0.151066,0.177825,0.0,0.178052,0.0,0.198457,0.198605,warm_cpu_to_active_process,NONE
0.134803,0.168345,0.0,0.168736,0.0,0.211844,0.212019,warm_cpu_to_active_process,NONE
0.143304,0.16726,0.0,0.167528,0.0,0.20426,0.204419,warm_cpu_to_active_process,NONE
0.154577,0.178682,0.0,0.178966,0.0,0.210972,0.211155,warm_cpu_to_active_process,NONE
0.151653,0.179137,0.0,0.179484,0.0,0.194117,0.194299,warm_cpu_to_active_process,NONE
0.130093,0.164845,0.0,0.165096,0.0,0.187201,0.187351,warm_cpu_to_active_process,NONE
0.175358,0.195182,0.0,0.195461,0.0,0.230285,0.230441,warm_cpu_to_active_process,NONE
0.110841,0.131008,0.0,0.131289,0.0,0.176431,0.176628,warm_cpu_to_active_process,NONE
0.141254,0.184917,0.0,0.185237,0.0,0.214369,0.214564,warm_cpu_to_active_process,NONE
0.155872,0.177824,0.0,0.178077,0.0,0.215831,0.216007,warm_cpu_to_active_process,NONE
0.140942,0.161753,0.0,0.162108,0.0,0.190809,0.191034,warm_cpu_to_active_process,NONE
0.124022,0.14412,0.0,0.144454,0.0,0.159576,0.159777,warm_cpu_to_active_process,NONE
0.091231,0.120214,0.0,0.120738,0.0,0.148929,0.149095,warm_cpu_to_active_process,NONE
0.134689,0.156939,0.0,0.157145,0.0,0.197978,0.198182,warm_cpu_to_active_process,NONE
0.142789,0.166483,0.0,0.16685,0.0,0.202545,0.202742,warm_cpu_to_active_process,NONE
0.125495,0.163219,0.0,0.163496,0.0,0.184741,0.1849,warm_cpu_to_active_process,NONE
0.130815,0.1751,0.0,0.175447,0.0,0.206421,0.206617,warm_cpu_to_active_process,NONE
0.148432,0.16854,0.0,0.168897,0.0,0.179378,0.179585,warm_cpu_to_active_process,NONE
0.150672,0.18653,0.0,0.186788,0.0,0.217074,0.217227,warm_cpu_to_active_process,NONE
0.126681,0.157101,0.0,0.157355,0.0,0.187725,0.187918,warm_cpu_to_active_process,NONE
0.149995,0.180802,0.0,0.181178,0.0,0.184709,0.184895,warm_cpu_to_active_process,NONE
0.149896,0.18973,0.0,0.190134,0.0,0.196401,0.196596,warm_cpu_to_active_process,NONE
0.134349,0.155862,0.0,0.156066,0.0,0.187711,0.187903,warm_cpu_to_active_process,NONE
0.130474,0.161888,0.0,0.162247,0.0,0.197776,0.198,warm_cpu_to_active_process,NONE
0.101054,0.126749,0.0,0.127003,0.0,0.147396,0.147576,warm_cpu_to_active_process,NONE
0.151746,0.180791,0.0,0.181037,0.0,0.209745,0.20991,warm_cpu_to_active_process,NONE
0.128616,0.160713,0.0,0.16099,0.0,0.197694,0.197986,warm_cpu_to_active_process,NONE
0.155127,0.194101,0.0,0.194443,0.0,0.24103,0.24119,warm_cpu_to_active_process,NONE
0.149755,0.197825,0.0,0.198211,0.0,0.230127,0.230289,warm_cpu_to_active_process,NONE
0.121134,0.147027,0.0,0.147317,0.0,0.171539,0.171719,warm_cpu_to_active_process,NONE
0.097321,0.134515,0.0,0.13486,0.0,0.149667,0.149853,warm_cpu_to_active_process,NONE
0.135649,0.170357,0.0,0.170677,0.0,0.195995,0.196178,warm_cpu_to_active_process,NONE
0.130935,0.16815,0.0,0.168491,0.0,0.197818,0.198017,warm_cpu_to_active_process,NONE
0.142213,0.16851,0.0,0.168909,0.0,0.186397,0.186562,warm_cpu_to_active_process,NONE
0.102095,0.141926,0.0,0.142135,0.0,0.166596,0.166787,warm_cpu_to_active_process,NONE
0.124088,0.140728,0.0,0.140963,0.0,0.180905,0.181099,warm_cpu_to_active_process,NONE
0.139029,0.158145,0.0,0.158367,0.0,0.187394,0.187605,warm_cpu_to_active_process,NONE
0.172974,0.202465,0.0,0.202784,0.0,0.224912,0.225107,warm_cpu_to_active_process,NONE
0.127853,0.13973,0.0,0.140049,0.0,0.172607,0.172764,warm_cpu_to_active_process,NONE
0.152241,0.176841,0.0,0.177133,0.0,0.204352,0.204538,warm_cpu_to_active_process,NONE
0.140799,0.165582,0.0,0.165881,0.0,0.184497,0.184688,warm_cpu_to_active_process,NONE
0.163047,0.195961,0.0,0.196341,0.0,0.217316,0.217552,warm_cpu_to_active_process,NONE
0.14252,0.179789,0.0,0.180002,0.0,0.203888,0.204068,warm_cpu_to_active_process,NONE
0.126928,0.160021,0.0,0.160325,0.0,0.182945,0.183122,warm_cpu_to_active_process,NONE
0.150457,0.182184,0.0,0.182559,0.0,0.215996,0.216153,warm_cpu_to_active_process,NONE
0.115249,0.133043,0.0,0.133279,0.0,0.151798,0.151981,warm_cpu_to_active_process,NONE
0.152511,0.181479,0.0,0.181769,0.0,0.204663,0.204851,warm_cpu_to_active_process,NONE
0.149877,0.188604,0.0,0.188945,0.0,0.219989,0.220177,warm_cpu_to_active_process,NONE
0.136704,0.174387,0.0,0.174612,0.0,0.199321,0.199475,warm_cpu_to_active_process,NONE
0.145284,0.177381,0.0,0.177886,0.0,0.21727,0.217461,warm_cpu_to_active_process,NONE
0.153604,0.169235,0.0,0.169509,0.0,0.186604,0.186804,warm_cpu_to_active_process,NONE
0.138499,0.162477,0.0,0.162749,0.0,0.19695,0.197152,warm_cpu_to_active_process,NONE
0.137896,0.181382,0.0,0.18162,0.0,0.193554,0.193728,warm_cpu_to_active_process,NONE
0.125839,0.145816,0.0,0.146131,0.0,0.177171,0.177371,warm_cpu_to_active_process,NONE
0.133253,0.165953,0.0,0.166252,0.0,0.201564,0.201752,warm_cpu_to_active_process,NONE
0.154667,0.171785,0.0,0.172015,0.0,0.202981,0.203187,warm_cpu_to_active_process,NONE
0.129215,0.164759,0.0,0.164987,0.0,0.196852,0.197005,warm_cpu_to_active_process,NONE
0.145178,0.173052,0.0,0.173454,0.0,0.20418,0.204335,warm_cpu_to_active_process,NONE
0.134366,0.167273,0.0,0.167578,0.0,0.194374,0.194558,warm_cpu_to_active_process,NONE
0.122396,0.160138,0.0,0.160503,0.0,0.185151,0.185344,warm_cpu_to_active_process,NONE
0.124423,0.16825,0.0,0.168459,0.0,0.211112,0.211299,warm_cpu_to_active_process,NONE
0.134685,0.149792,0.0,0.149993,0.0,0.17277,0.17294,warm_cpu_to_active_process,NONE
0.148333,0.16701,0.0,0.167334,0.0,0.174389,0.174581,warm_cpu_to_active_process,NONE
0.15086,0.177078,0.0,0.177494,0.0,0.209668,0.209865,warm_cpu_to_active_process,NONE
0.1263,0.152162,0.0,0.152412,0.0,0.18487,0.185087,warm_cpu_to_active_process,NONE
0.130117,0.162295,0.0,0.162666,0.0,0.186324,0.18656,warm_cpu_to_active_process,NONE
0.122654,0.142636,0.0,0.14295,0.0,0.17811,0.178338,warm_cpu_to_active_process,NONE
0.158154,0.187917,0.0,0.188228,0.0,0.206634,0.206799,warm_cpu_to_active_process,NONE
0.131148,0.158745,0.0,0.159078,0.0,0.17787,0.178062,warm_cpu_to_active_process,NONE
0.153217,0.168875,0.0,0.169159,0.0,0.205381,0.205562,warm_cpu_to_active_process,NONE
0.120041,0.154452,0.0,0.154756,0.0,0.188852,0.189119,warm_cpu_to_active_process,NONE
0.116148,0.148779,0.0,0.149147,0.0,0.181014,0.181208,warm_cpu_to_active_process,NONE
0.108144,0.148627,0.0,0.149057,0.0,0.167225,0.167407,warm_cpu_to_active_process,NONE
0.142036,0.171527,0.0,0.171891,0.0,0.189402,0.189652,warm_cpu_to_active_process,NONE
0.143538,0.177434,0.0,0.177758,0.0,0.201041,0.201242,warm_cpu_to_active_process,NONE
0.149364,0.187685,0.0,0.18829,0.0,0.218647,0.218841,warm_cpu_to_active_process,NONE
0.147286,0.180595,0.0,0.180862,0.0,0.200391,0.200586,warm_cpu_to_active_process,NONE
0.142909,0.18421,0.0,0.184584,0.0,0.22796,0.228169,warm_cpu_to_active_process,NONE
0.122154,0.146709,0.0,0.147033,0.0,0.157965,0.158179,warm_cpu_to_active_process,NONE
0.150005,0.178172,0.0,0.178503,0.0,0.225219,0.22539,warm_cpu_to_active_process,NONE
0.141912,0.167815,0.0,0.168057,0.0,0.192495,0.192662,warm_cpu_to_active_process,NONE
0.136913,0.164056,0.0,0.164325,0.0,0.207703,0.207914,warm_cpu_to_active_process,NONE
0.095612,0.115781,0.0,0.116042,0.0,0.136025,0.136214,warm_cpu_to_active_process,NONE
0.125068,0.154513,0.0,0.154765,0.0,0.181027,0.181197,warm_cpu_to_active_process,NONE
0.116734,0.14716,0.0,0.147427,0.0,0.18377,0.183991,warm_cpu_to_active_process,NONE
0.148827,0.196699,0.0,0.197,0.0,0.230345,0.230613,warm_cpu_to_active_process,NONE
0.136688,0.167703,0.0,0.16809,0.0,0.217901,0.218091,warm_cpu_to_active_process,NONE
0.139681,0.168621,0.0,0.168791,0.0,0.217097,0.217258,warm_cpu_to_active_process,NONE
0.148954,0.187215,0.0,0.187454,0.0,0.223687,0.22388,warm_cpu_to_active_process,NONE
0.176786,0.212108,0.0,0.212393,0.0,0.246648,0.246798,warm_cpu_to_active_process,NONE
0.110534,0.145676,0.0,0.145933,0.0,0.17142,0.17158,warm_cpu_to_active_process,NONE
0.136416,0.167649,0.0,0.167953,0.0,0.17972,0.179912,warm_cpu_to_active_process,NONE
0.121207,0.136259,0.0,0.136573,0.0,0.151342,0.151523,warm_cpu_to_active_process,NONE
0.160878,0.193872,0.0,0.194128,0.0,0.222768,0.222942,warm_cpu_to_active_process,NONE
0.11364,0.142541,0.0,0.142804,0.0,0.17174,0.171928,warm_cpu_to_active_process,NONE
0.129734,0.149096,0.0,0.149417,0.0,0.176692,0.176886,warm_cpu_to_active_process,NONE
0.130296,0.152172,0.0,0.152425,0.0,0.177765,0.177945,warm_cpu_to_active_process,NONE
0.135047,0.157045,0.0,0.157369,0.0,0.180841,0.18099,warm_cpu_to_active_process,NONE
0.143399,0.163881,0.0,0.164259,0.0,0.205965,0.206174,warm_cpu_to_active_process,NONE
0.159527,0.183358,0.0,0.183698,0.0,0.20266,0.202821,warm_cpu_to_active_process,NONE
0.128923,0.146854,0.0,0.147232,0.0,0.178328,0.178528,warm_cpu_to_active_process,NONE
0.130077,0.163752,0.0,0.16423,0.0,0.194705,0.194905,warm_cpu_to_active_process,NONE
0.139066,0.173174,0.0,0.173456,0.0,0.193846,0.194007,warm_cpu_to_active_process,NONE
0.155368,0.171814,0.0,0.172024,0.0,0.215813,0.216013,warm_cpu_to_active_process,NONE
0.135959,0.157798,0.0,0.158109,0.0,0.183196,0.183363,warm_cpu_to_active_process,NONE
0.113031,0.136452,0.0,0.136867,0.0,0.166576,0.166743,warm_cpu_to_active_process,NONE
0.165834,0.205369,0.0,0.205636,0.0,0.233772,0.233932,warm_cpu_to_active_process,NONE
0.14519,0.178812,0.0,0.179279,0.0,0.20957,0.2098,warm_cpu_to_active_process,NONE
0.136606,0.153368,0.0,0.153703,0.0,0.178552,0.178737,warm_cpu_to_active_process,NONE
0.132829,0.152325,0.0,0.152776,0.0,0.194005,0.194162,warm_cpu_to_active_process,NONE
0.127897,0.141481,0.0,0.14175,0.0,0.16485,0.165104,warm_cpu_to_active_process,NONE
0.119377,0.153438,0.0,0.153691,0.0,0.17358,0.17374,warm_cpu_to_active_process,NONE
0.123615,0.135488,0.0,0.135818,0.0,0.177079,0.177282,warm_cpu_to_active_process,NONE
0.096656,0.112878,0.0,0.113179,0.0,0.125301,0.125476,warm_cpu_to_active_process,NONE
0.145047,0.184198,0.0,0.184599,0.0,0.216821,0.217044,warm_cpu_to_active_process,NONE
0.124083,0.143858,0.0,0.144085,0.0,0.195976,0.196184,warm_cpu_to_active_process,NONE
0.181173,0.223805,0.0,0.22405,0.0,0.233009,0.233172,warm_cpu_to_active_process,NONE
0.128037,0.147259,0.0,0.147583,0.0,0.166953,0.167119,warm_cpu_to_active_process,NONE
0.129852,0.149141,0.0,0.149449,0.0,0.175031,0.175237,warm_cpu_to_active_process,NONE
0.128922,0.148166,0.0,0.148526,0.0,0.166702,0.166927,warm_cpu_to_active_process,NONE
0.13504,0.159576,0.0,0.159835,0.0,0.162837,0.16309,warm_cpu_to_active_process,NONE
0.144351,0.17034,0.0,0.170682,0.0,0.199635,0.199812,warm_cpu_to_active_process,NONE
0.14117,0.175218,0.0,0.175517,0.0,0.204809,0.204966,warm_cpu_to_active_process,NONE
0.10019,0.134896,0.0,0.135205,0.0,0.147643,0.147775,warm_cpu_to_active_process,NONE
0.151489,0.197185,0.0,0.197505,0.0,0.224173,0.224367,warm_cpu_to_active_process,NONE
0.117682,0.150219,0.0,0.150545,0.0,0.180049,0.180221,warm_cpu_to_active_process,NONE
0.12043,0.150494,0.0,0.150829,0.0,0.164697,0.164867,warm_cpu_to_active_process,NONE
0.14344,0.176401,0.0,0.176606,0.0,0.199499,0.199705,warm_cpu_to_active_process,NONE
0.133462,0.157481,0.0,0.157811,0.0,0.182799,0.182999,warm_cpu_to_active_process,NONE
0.139949,0.167094,0.0,0.167414,0.0,0.186014,0.186182,warm_cpu_to_active_process,NONE
0.127032,0.144779,0.0,0.145116,0.0,0.180682,0.180837,warm_cpu_to_active_process,NONE
0.124962,0.142673,0.0,0.142979,0.0,0.176419,0.176708,warm_cpu_to_active_process,NONE
0.143163,0.177713,0.0,0.178022,0.0,0.195333,0.195507,warm_cpu_to_active_process,NONE
0.135564,0.152168,0.0,0.152466,0.0,0.178518,0.178712,warm_cpu_to_active_process,NONE
0.116112,0.148462,0.0,0.14882,0.0,0.182089,0.182316,warm_cpu_to_active_process,NONE
0.135566,0.157001,0.0,0.157228,0.0,0.191054,0.191488,warm_cpu_to_active_process,NONE
0.110426,0.142927,0.0,0.1433,0.0,0.178019,0.178208,warm_cpu_to_active_process,NONE
0.159484,0.207681,0.0,0.208063,0.0,0.23467,0.234836,warm_cpu_to_active_process,NONE
0.136644,0.169607,0.0,0.169843,0.0,0.203642,0.203845,warm_cpu_to_active_process,NONE
0.133392,0.154375,0.0,0.154687,0.0,0.191818,0.192015,warm_cpu_to_active_process,NONE
0.133641,0.171857,0.0,0.172241,0.0,0.193773,0.19395,warm_cpu_to_active_process,NONE
0.157658,0.172251,0.0,0.17251,0.0,0.204948,0.205102,warm_cpu_to_active_process,NONE
0.133246,0.160348,0.0,0.160872,0.0,0.188541,0.188712,warm_cpu_to_active_process,NONE
0.125722,0.157041,0.0,0.157367,0.0,0.185413,0.185668,warm_cpu_to_active_process,NONE
0.179863,0.216456,0.0,0.21685,0.0,0.244728,0.244883,warm_cpu_to_active_process,NONE
0.137313,0.149167,0.0,0.149444,0.0,0.169824,0.170001,warm_cpu_to_active_process,NONE
0.131715,0.160943,0.0,0.161265,0.0,0.198537,0.198737,warm_cpu_to_active_process,NONE
0.155957,0.173545,0.0,0.17409,0.0,0.21488,0.215047,warm_cpu_to_active_process,NONE
0.125505,0.152651,0.0,0.152945,0.0,0.195091,0.195246,warm_cpu_to_active_process,NONE
0.171826,0.197907,0.0,0.19815,0.0,0.220309,0.220478,warm_cpu_to_active_process,NONE
0.135314,0.158134,0.0,0.158385,0.0,0.207615,0.207787,warm_cpu_to_active_process,NONE
0.132536,0.162001,0.0,0.162231,0.0,0.181854,0.182027,warm_cpu_to_active_process,NONE
0.157433,0.171546,0.0,0.171867,0.0,0.193678,0.193888,warm_cpu_to_active_process,NONE
0.124199,0.129063,0.0,0.129395,0.0,0.140691,0.140885,warm_cpu_to_active_process,NONE
0.113241,0.130086,0.0,0.130344,0.0,0.174349,0.17454,warm_cpu_to_active_process,NONE
0.10772,0.119693,0.0,0.12001,0.0,0.147737,0.147941,warm_cpu_to_active_process,NONE
0.152448,0.193158,0.0,0.193504,0.0,0.216744,0.216941,warm_cpu_to_active_process,NONE
0.143119,0.170023,0.0,0.170709,0.0,0.176809,0.177002,warm_cpu_to_active_process,NONE
0.119713,0.150495,0.0,0.15099,0.0,0.171695,0.171931,warm_cpu_to_active_process,NONE
0.141312,0.165579,0.0,0.165841,0.0,0.176151,0.176321,warm_cpu_to_active_process,NONE
0.104273,0.11579,0.0,0.116054,0.0,0.136891,0.137085,warm_cpu_to_active_process,NONE
0.152908,0.177252,0.0,0.177532,0.0,0.216175,0.216366,warm_cpu_to_active_process,NONE
0.151821,0.178867,0.0,0.179135,0.0,0.214405,0.214603,warm_cpu_to_active_process,NONE
0.129662,0.1508,0.0,0.15105,0.0,0.170141,0.17034,warm_cpu_to_active_process,NONE
0.097034,0.129371,0.0,0.129734,0.0,0.15723,0.157418,warm_cpu_to_active_process,NONE
0.141504,0.167397,0.0,0.167705,0.0,0.193289,0.193462,warm_cpu_to_active_process,NONE
0.172452,0.19625,0.0,0.196457,0.0,0.218332,0.218541,warm_cpu_to_active_process,NONE
0.13765,0.170907,0.0,0.171314,0.0,0.178828,0.17898,warm_cpu_to_active_process,NONE
0.132405,0.155556,0.0,0.155889,0.0,0.180413,0.180646,warm_cpu_to_active_process,NONE
0.120461,0.147502,0.0,0.147709,0.0,0.160936,0.161102,warm_cpu_to_active_process,NONE
0.091987,0.118982,0.0,0.119311,0.0,0.159077,0.159279,warm_cpu_to_active_process,NONE
