cold_to_warm_disk_start,1705378664.693907,cold_to_warm_disk
cold_to_warm_disk_end,1705378699.2914226,cold_to_warm_disk
cold_to_warm_disk_start,1705377630.6773942,cold_to_warm_disk
cold_to_warm_disk_end,1705377658.5124853,cold_to_warm_disk
cold_to_warm_disk_start,1705377857.334988,cold_to_warm_disk
cold_to_warm_disk_end,1705377890.9074104,cold_to_warm_disk
cold_to_warm_disk_start,1705377964.7220943,cold_to_warm_disk
cold_to_warm_disk_end,1705377993.4541109,cold_to_warm_disk
cold_to_warm_disk_start,1705378077.2539167,cold_to_warm_disk
cold_to_warm_disk_end,1705378108.3098722,cold_to_warm_disk
cold_to_warm_disk_start,1705378185.026113,cold_to_warm_disk
cold_to_warm_disk_end,1705378216.038954,cold_to_warm_disk
cold_to_warm_disk_start,1705378452.341654,cold_to_warm_disk
cold_to_warm_disk_end,1705378480.074927,cold_to_warm_disk
cold_to_warm_disk_start,1705378556.259395,cold_to_warm_disk
cold_to_warm_disk_end,1705378581.3283443,cold_to_warm_disk
