cold_to_warm_disk_start,1707102327.242802,cold_to_warm_disk
cold_to_warm_disk_end,1707102359.4547172,cold_to_warm_disk
cold_to_warm_disk_start,1707101882.5023477,cold_to_warm_disk
cold_to_warm_disk_end,1707101913.5130668,cold_to_warm_disk
cold_to_warm_disk_start,1707102037.7565255,cold_to_warm_disk
cold_to_warm_disk_end,1707102053.1972127,cold_to_warm_disk
cold_to_warm_disk_start,1707102129.3697948,cold_to_warm_disk
cold_to_warm_disk_end,1707102149.311593,cold_to_warm_disk
cold_to_warm_disk_start,1707102227.8670418,cold_to_warm_disk
cold_to_warm_disk_end,1707102251.0621853,cold_to_warm_disk
