null_state_start,1691282078.6993856,null_state
null_state_end,1691282141.625207,null_state
null_to_cold_process_start,1691282141.6462636,null_to_cold_process
null_to_cold_process_end,1691282147.5812976,null_to_cold_process
cold_state_start,1691282162.5930338,cold_state
cold_state_end,1691282228.1880455,cold_state
cold_to_null_process_start,1691282228.1880503,cold_to_null_process
cold_to_null_process_end,1691282228.8875048,cold_to_null_process
warm_disk_state_start,1691282359.447795,warm_disk_state
warm_disk_state_end,1691282422.343047,warm_disk_state
warm_disk_to_warm_CPU_process_start,1691282422.3653495,warm_disk_to_warm_CPU_process
warm_disk_to_warm_CPU_process_end,1691282444.7378333,warm_disk_to_warm_CPU_process
warm_CPU_state_start,1691282464.7579129,warm_CPU_state
warm_CPU_state_end,1691282530.4628606,warm_CPU_state
active_state_start,1691282561.7889504,active_state
active_state_end,1691282632.1011465,active_state
warm_CPU_to_warm_disk_process_start,1691282935.2455869,warm_CPU_to_warm_disk_process
warm_CPU_to_warm_disk_process_end,1691282967.0366316,warm_CPU_to_warm_disk_process
active_to_warm_disk_process_start,1691283010.2858665,active_to_warm_disk_process
active_to_warm_disk_process_end,1691283043.3088245,active_to_warm_disk_process
