cold_to_warm_disk_start,1705330791.9851277,cold_to_warm_disk
cold_to_warm_disk_end,1705330826.7191849,cold_to_warm_disk
cold_to_warm_disk_start,1705329806.359277,cold_to_warm_disk
cold_to_warm_disk_end,1705329833.985417,cold_to_warm_disk
cold_to_warm_disk_start,1705329915.576788,cold_to_warm_disk
cold_to_warm_disk_end,1705329947.8651018,cold_to_warm_disk
cold_to_warm_disk_start,1705330023.9537172,cold_to_warm_disk
cold_to_warm_disk_end,1705330045.7539375,cold_to_warm_disk
cold_to_warm_disk_start,1705330121.838421,cold_to_warm_disk
cold_to_warm_disk_end,1705330142.6441302,cold_to_warm_disk
cold_to_warm_disk_start,1705330217.303376,cold_to_warm_disk
cold_to_warm_disk_end,1705330245.5516765,cold_to_warm_disk
cold_to_warm_disk_start,1705330478.0010655,cold_to_warm_disk
cold_to_warm_disk_end,1705330504.0546937,cold_to_warm_disk
cold_to_warm_disk_start,1705330580.038695,cold_to_warm_disk
cold_to_warm_disk_end,1705330611.5103395,cold_to_warm_disk
cold_to_warm_disk_start,1705330695.654579,cold_to_warm_disk
cold_to_warm_disk_end,1705330715.3973606,cold_to_warm_disk
