null_state_start,1691270531.6507518,null_state
null_state_end,1691270597.801299,null_state
null_to_cold_process_start,1691270597.823318,null_to_cold_process
null_to_cold_process_end,1691270604.4763913,null_to_cold_process
cold_state_start,1691270619.4854188,cold_state
cold_state_end,1691270688.725288,cold_state
cold_to_null_process_start,1691270688.7252917,cold_to_null_process
cold_to_null_process_end,1691270689.646395,cold_to_null_process
warm_disk_state_start,1691270820.319597,warm_disk_state
warm_disk_state_end,1691270886.8885071,warm_disk_state
warm_disk_to_warm_CPU_process_start,1691270886.9117713,warm_disk_to_warm_CPU_process
warm_disk_to_warm_CPU_process_end,1691270909.911177,warm_disk_to_warm_CPU_process
warm_CPU_state_start,1691270929.9290838,warm_CPU_state
warm_CPU_state_end,1691270995.6370745,warm_CPU_state
active_state_start,1691271026.4770782,active_state
active_state_end,1691271092.0556724,active_state
warm_CPU_to_warm_disk_process_start,1691271397.5796745,warm_CPU_to_warm_disk_process
warm_CPU_to_warm_disk_process_end,1691271429.138468,warm_CPU_to_warm_disk_process
active_to_warm_disk_process_start,1691271481.6770856,active_to_warm_disk_process
active_to_warm_disk_process_end,1691271515.1425128,active_to_warm_disk_process
