0.000107,0.001291,0.0,0.001559,0.0,0.002897,0.003539,warm_cpu_to_active_process,NONE
0.000115,0.001319,0.0,0.001696,0.0,0.004019,0.004228,warm_cpu_to_active_process,NONE
8.6e-05,0.001206,0.0,0.001469,0.0,0.002618,0.003287,warm_cpu_to_active_process,NONE
0.000122,0.001586,0.0,0.001938,0.0,0.003371,0.004039,warm_cpu_to_active_process,NONE
9.4e-05,0.001709,0.0,0.002002,0.0,0.003831,0.004784,warm_cpu_to_active_process,NONE
0.000225,0.002139,0.0,0.002461,0.0,0.004529,0.005282,warm_cpu_to_active_process,NONE
9e-05,0.005084,0.0,0.005619,0.0,0.006991,0.008035,warm_cpu_to_active_process,NONE
0.000133,0.001931,0.0,0.002336,0.0,0.00359,0.004262,warm_cpu_to_active_process,NONE
0.000113,0.001704,0.0,0.00233,0.0,0.003318,0.004011,warm_cpu_to_active_process,NONE
0.000155,0.001285,0.0,0.001499,0.0,0.003103,0.003505,warm_cpu_to_active_process,NONE
0.000393,0.001917,0.0,0.002265,0.0,0.00334,0.003975,warm_cpu_to_active_process,NONE
0.000113,0.001695,0.0,0.001978,0.0,0.003517,0.004284,warm_cpu_to_active_process,NONE
0.000125,0.001624,0.0,0.001938,0.0,0.004598,0.004773,warm_cpu_to_active_process,NONE
9.6e-05,0.001413,0.0,0.001718,0.0,0.002899,0.004,warm_cpu_to_active_process,NONE
8.1e-05,0.001368,0.0,0.00161,0.0,0.002754,0.003546,warm_cpu_to_active_process,NONE
9.4e-05,0.001782,0.0,0.00213,0.0,0.003892,0.00508,warm_cpu_to_active_process,NONE
7.3e-05,0.001636,0.0,0.001885,0.0,0.003061,0.00343,warm_cpu_to_active_process,NONE
8.2e-05,0.001234,0.0,0.001534,0.0,0.002582,0.003207,warm_cpu_to_active_process,NONE
7.7e-05,0.001185,0.0,0.001433,0.0,0.002566,0.003025,warm_cpu_to_active_process,NONE
0.000118,0.00127,0.0,0.001493,0.0,0.00257,0.003048,warm_cpu_to_active_process,NONE
0.0001,0.001823,0.0,0.002094,0.0,0.00349,0.004364,warm_cpu_to_active_process,NONE
9.2e-05,0.001238,0.0,0.001543,0.0,0.002592,0.00353,warm_cpu_to_active_process,NONE
0.000155,0.001681,0.0,0.002009,0.0,0.002964,0.00366,warm_cpu_to_active_process,NONE
0.000115,0.001578,0.0,0.001885,0.0,0.002993,0.004001,warm_cpu_to_active_process,NONE
7.7e-05,0.001044,0.0,0.001234,0.0,0.002291,0.003003,warm_cpu_to_active_process,NONE
8e-05,0.002088,0.0,0.002344,0.0,0.003387,0.003876,warm_cpu_to_active_process,NONE
8.2e-05,0.001301,0.0,0.001568,0.0,0.002624,0.003101,warm_cpu_to_active_process,NONE
8e-05,0.001211,0.0,0.001535,0.0,0.002622,0.00304,warm_cpu_to_active_process,NONE
7.1e-05,0.000982,0.0,0.001159,0.0,0.00221,0.002869,warm_cpu_to_active_process,NONE
7.7e-05,0.001665,0.0,0.001921,0.0,0.003067,0.003608,warm_cpu_to_active_process,NONE
0.000127,0.002148,0.0,0.002506,0.0,0.003979,0.004605,warm_cpu_to_active_process,NONE
0.000119,0.001682,0.0,0.002007,0.0,0.003182,0.003933,warm_cpu_to_active_process,NONE
6.7e-05,0.001119,0.0,0.001298,0.0,0.002374,0.002823,warm_cpu_to_active_process,NONE
7.9e-05,0.001244,0.0,0.001499,0.0,0.002599,0.003116,warm_cpu_to_active_process,NONE
0.000101,0.001458,0.0,0.00175,0.0,0.002811,0.003557,warm_cpu_to_active_process,NONE
8.8e-05,0.001206,0.0,0.001601,0.0,0.002739,0.003812,warm_cpu_to_active_process,NONE
0.000104,0.001905,0.0,0.003239,0.0,0.003384,0.003904,warm_cpu_to_active_process,NONE
0.000102,0.001083,0.0,0.001336,0.0,0.002719,0.003448,warm_cpu_to_active_process,NONE
9.6e-05,0.001287,0.0,0.001683,0.0,0.002758,0.003782,warm_cpu_to_active_process,NONE
0.000121,0.001289,0.0,0.001684,0.0,0.002872,0.003561,warm_cpu_to_active_process,NONE
7.4e-05,0.001475,0.0,0.001666,0.0,0.003179,0.003686,warm_cpu_to_active_process,NONE
0.000107,0.002225,0.0,0.002591,0.0,0.004031,0.004683,warm_cpu_to_active_process,NONE
0.000133,0.001448,0.0,0.001734,0.0,0.00281,0.003302,warm_cpu_to_active_process,NONE
8.8e-05,0.001223,0.0,0.001463,0.0,0.002612,0.00341,warm_cpu_to_active_process,NONE
7.4e-05,0.001001,0.0,0.001201,0.0,0.002091,0.00248,warm_cpu_to_active_process,NONE
9.8e-05,0.001191,0.0,0.001473,0.0,0.00255,0.003011,warm_cpu_to_active_process,NONE
8e-05,0.001285,0.0,0.001518,0.0,0.002591,0.003051,warm_cpu_to_active_process,NONE
8.4e-05,0.001505,0.0,0.001892,0.0,0.002818,0.003323,warm_cpu_to_active_process,NONE
0.0001,0.002888,0.0,0.003321,0.0,0.004256,0.00487,warm_cpu_to_active_process,NONE
8.1e-05,0.001084,0.0,0.001329,0.0,0.002447,0.003109,warm_cpu_to_active_process,NONE
0.0001,0.001749,0.0,0.002107,0.0,0.003226,0.004182,warm_cpu_to_active_process,NONE
0.000334,0.00202,0.0,0.002389,0.0,0.003799,0.004771,warm_cpu_to_active_process,NONE
6.9e-05,0.001601,0.0,0.001776,0.0,0.00324,0.003882,warm_cpu_to_active_process,NONE
8.5e-05,0.001728,0.0,0.002002,0.0,0.003838,0.005332,warm_cpu_to_active_process,NONE
8.7e-05,0.001356,0.0,0.001621,0.0,0.002829,0.003173,warm_cpu_to_active_process,NONE
8.2e-05,0.001166,0.0,0.001686,0.0,0.002613,0.003101,warm_cpu_to_active_process,NONE
0.000132,0.001339,0.0,0.00206,0.0,0.00299,0.003582,warm_cpu_to_active_process,NONE
8.1e-05,0.001375,0.0,0.001675,0.0,0.002728,0.003387,warm_cpu_to_active_process,NONE
8.1e-05,0.001814,0.0,0.002118,0.0,0.003519,0.004272,warm_cpu_to_active_process,NONE
8.3e-05,0.001401,0.0,0.001651,0.0,0.002748,0.003272,warm_cpu_to_active_process,NONE
0.000116,0.002292,0.0,0.002954,0.0,0.005563,0.005767,warm_cpu_to_active_process,NONE
9.2e-05,0.001637,0.0,0.001907,0.0,0.003266,0.00407,warm_cpu_to_active_process,NONE
8.2e-05,0.001822,0.0,0.002073,0.0,0.003816,0.004676,warm_cpu_to_active_process,NONE
7.3e-05,0.001291,0.0,0.001499,0.0,0.002906,0.003611,warm_cpu_to_active_process,NONE
7.7e-05,0.000925,0.0,0.001119,0.0,0.002,0.002511,warm_cpu_to_active_process,NONE
0.000113,0.001996,0.0,0.002329,0.0,0.003696,0.004403,warm_cpu_to_active_process,NONE
0.000102,0.001122,0.0,0.001338,0.0,0.002579,0.003392,warm_cpu_to_active_process,NONE
0.000125,0.001729,0.0,0.002046,0.0,0.003443,0.003997,warm_cpu_to_active_process,NONE
0.000103,0.001176,0.0,0.001399,0.0,0.002439,0.003048,warm_cpu_to_active_process,NONE
0.000119,0.001724,0.0,0.001991,0.0,0.006906,0.007094,warm_cpu_to_active_process,NONE
8.3e-05,0.001183,0.0,0.00151,0.0,0.002749,0.003237,warm_cpu_to_active_process,NONE
0.000175,0.001443,0.0,0.001795,0.0,0.003017,0.003786,warm_cpu_to_active_process,NONE
6.9e-05,0.001153,0.0,0.001353,0.0,0.002622,0.003118,warm_cpu_to_active_process,NONE
8.5e-05,0.001309,0.0,0.001594,0.0,0.002756,0.003354,warm_cpu_to_active_process,NONE
7.8e-05,0.001698,0.0,0.001944,0.0,0.003623,0.004175,warm_cpu_to_active_process,NONE
0.000125,0.001787,0.0,0.002102,0.0,0.003389,0.004347,warm_cpu_to_active_process,NONE
8.1e-05,0.001086,0.0,0.001344,0.0,0.002477,0.002844,warm_cpu_to_active_process,NONE
7.6e-05,0.002201,0.0,0.002776,0.0,0.003723,0.004236,warm_cpu_to_active_process,NONE
0.000149,0.001534,0.0,0.001927,0.0,0.002934,0.003938,warm_cpu_to_active_process,NONE
0.000154,0.001581,0.0,0.001936,0.0,0.003203,0.003816,warm_cpu_to_active_process,NONE
6.7e-05,0.001633,0.0,0.001827,0.0,0.003215,0.003763,warm_cpu_to_active_process,NONE
0.000105,0.001671,0.0,0.002284,0.0,0.003523,0.004281,warm_cpu_to_active_process,NONE
0.000115,0.001903,0.0,0.002212,0.0,0.003989,0.004719,warm_cpu_to_active_process,NONE
9e-05,0.001792,0.0,0.002049,0.0,0.003263,0.003917,warm_cpu_to_active_process,NONE
7e-05,0.00106,0.0,0.00125,0.0,0.002255,0.002688,warm_cpu_to_active_process,NONE
0.000103,0.001467,0.0,0.001927,0.0,0.003103,0.003486,warm_cpu_to_active_process,NONE
9.2e-05,0.001173,0.0,0.00145,0.0,0.002484,0.003236,warm_cpu_to_active_process,NONE
0.000826,0.003072,0.0,0.003785,0.0,0.00584,0.006067,warm_cpu_to_active_process,NONE
8.8e-05,0.001312,0.0,0.001562,0.0,0.002719,0.003261,warm_cpu_to_active_process,NONE
8.1e-05,0.001798,0.0,0.002032,0.0,0.003646,0.004201,warm_cpu_to_active_process,NONE
8.4e-05,0.001611,0.0,0.001848,0.0,0.003502,0.004147,warm_cpu_to_active_process,NONE
7.8e-05,0.001721,0.0,0.001968,0.0,0.003771,0.004443,warm_cpu_to_active_process,NONE
9.1e-05,0.002852,0.0,0.003183,0.0,0.00433,0.005411,warm_cpu_to_active_process,NONE
8.2e-05,0.001827,0.0,0.002175,0.0,0.003785,0.004444,warm_cpu_to_active_process,NONE
9.6e-05,0.001298,0.0,0.001534,0.0,0.002775,0.003173,warm_cpu_to_active_process,NONE
0.000138,0.001515,0.0,0.001918,0.0,0.003138,0.003787,warm_cpu_to_active_process,NONE
7.2e-05,0.001094,0.0,0.001294,0.0,0.002321,0.002723,warm_cpu_to_active_process,NONE
7.7e-05,0.00118,0.0,0.001448,0.0,0.00264,0.003119,warm_cpu_to_active_process,NONE
0.000102,0.001134,0.0,0.001561,0.0,0.002682,0.003662,warm_cpu_to_active_process,NONE
0.000118,0.00193,0.0,0.002295,0.0,0.003973,0.005224,warm_cpu_to_active_process,NONE
6.9e-05,0.001018,0.0,0.001289,0.0,0.002104,0.00257,warm_cpu_to_active_process,NONE
0.000104,0.001773,0.0,0.002036,0.0,0.003255,0.003685,warm_cpu_to_active_process,NONE
9.7e-05,0.001133,0.0,0.001419,0.0,0.002529,0.003209,warm_cpu_to_active_process,NONE
8.6e-05,0.001811,0.0,0.002118,0.0,0.004635,0.004798,warm_cpu_to_active_process,NONE
7.3e-05,0.001034,0.0,0.001308,0.0,0.002591,0.003303,warm_cpu_to_active_process,NONE
0.000115,0.001725,0.0,0.00204,0.0,0.003617,0.004842,warm_cpu_to_active_process,NONE
9.9e-05,0.001234,0.0,0.001496,0.0,0.002367,0.002922,warm_cpu_to_active_process,NONE
0.000137,0.001532,0.0,0.001821,0.0,0.00275,0.003379,warm_cpu_to_active_process,NONE
7.9e-05,0.001239,0.0,0.001431,0.0,0.002255,0.002835,warm_cpu_to_active_process,NONE
0.000109,0.001438,0.0,0.001789,0.0,0.002937,0.003322,warm_cpu_to_active_process,NONE
8.6e-05,0.001149,0.0,0.00152,0.0,0.002586,0.003228,warm_cpu_to_active_process,NONE
8.2e-05,0.001382,0.0,0.001665,0.0,0.002882,0.003398,warm_cpu_to_active_process,NONE
0.000121,0.001904,0.0,0.002219,0.0,0.003895,0.00444,warm_cpu_to_active_process,NONE
8.1e-05,0.001176,0.0,0.001443,0.0,0.002639,0.003409,warm_cpu_to_active_process,NONE
0.000229,0.002002,0.0,0.002314,0.0,0.00343,0.004293,warm_cpu_to_active_process,NONE
0.000142,0.002037,0.0,0.002395,0.0,0.003654,0.004471,warm_cpu_to_active_process,NONE
9.7e-05,0.001013,0.0,0.001222,0.0,0.002226,0.002641,warm_cpu_to_active_process,NONE
8.4e-05,0.00178,0.0,0.00207,0.0,0.003933,0.004483,warm_cpu_to_active_process,NONE
0.000121,0.001382,0.0,0.001737,0.0,0.002917,0.003361,warm_cpu_to_active_process,NONE
0.000114,0.002172,0.0,0.002627,0.0,0.004672,0.005003,warm_cpu_to_active_process,NONE
7.5e-05,0.00161,0.0,0.001879,0.0,0.003424,0.004042,warm_cpu_to_active_process,NONE
0.000104,0.002007,0.0,0.002455,0.0,0.003594,0.004219,warm_cpu_to_active_process,NONE
8.9e-05,0.001617,0.0,0.001889,0.0,0.00355,0.004049,warm_cpu_to_active_process,NONE
8.5e-05,0.001146,0.0,0.001385,0.0,0.002637,0.003197,warm_cpu_to_active_process,NONE
7.8e-05,0.001699,0.0,0.001889,0.0,0.003364,0.003906,warm_cpu_to_active_process,NONE
8.4e-05,0.001168,0.0,0.00195,0.0,0.002957,0.003566,warm_cpu_to_active_process,NONE
0.00011,0.001265,0.0,0.001576,0.0,0.00336,0.004368,warm_cpu_to_active_process,NONE
0.000127,0.001852,0.0,0.002171,0.0,0.004004,0.004866,warm_cpu_to_active_process,NONE
7.3e-05,0.001016,0.0,0.001196,0.0,0.002265,0.002696,warm_cpu_to_active_process,NONE
9e-05,0.001428,0.0,0.002284,0.0,0.0033,0.004093,warm_cpu_to_active_process,NONE
0.000122,0.001652,0.0,0.001967,0.0,0.003278,0.003934,warm_cpu_to_active_process,NONE
8.3e-05,0.001237,0.0,0.001495,0.0,0.002659,0.003416,warm_cpu_to_active_process,NONE
7.9e-05,0.001541,0.0,0.00173,0.0,0.002721,0.003111,warm_cpu_to_active_process,NONE
0.000164,0.001333,0.0,0.001617,0.0,0.002885,0.003528,warm_cpu_to_active_process,NONE
8.7e-05,0.001244,0.0,0.001517,0.0,0.00237,0.002977,warm_cpu_to_active_process,NONE
0.000125,0.002104,0.0,0.002449,0.0,0.003784,0.00435,warm_cpu_to_active_process,NONE
7e-05,0.001611,0.0,0.0019,0.0,0.002811,0.003267,warm_cpu_to_active_process,NONE
0.000139,0.002884,0.0,0.003338,0.0,0.008737,0.008912,warm_cpu_to_active_process,NONE
8e-05,0.001104,0.0,0.001355,0.0,0.00243,0.003235,warm_cpu_to_active_process,NONE
0.000126,0.001368,0.0,0.001715,0.0,0.003763,0.004065,warm_cpu_to_active_process,NONE
6.6e-05,0.001596,0.0,0.001906,0.0,0.003486,0.003857,warm_cpu_to_active_process,NONE
0.000115,0.001501,0.0,0.001843,0.0,0.002733,0.003377,warm_cpu_to_active_process,NONE
0.000187,0.001986,0.0,0.002311,0.0,0.004363,0.005869,warm_cpu_to_active_process,NONE
9.4e-05,0.001385,0.0,0.001659,0.0,0.002782,0.003122,warm_cpu_to_active_process,NONE
6.5e-05,0.001579,0.0,0.001949,0.0,0.003479,0.004198,warm_cpu_to_active_process,NONE
7.2e-05,0.001197,0.0,0.001437,0.0,0.002601,0.003029,warm_cpu_to_active_process,NONE
8.8e-05,0.001505,0.0,0.001742,0.0,0.003232,0.003779,warm_cpu_to_active_process,NONE
0.000118,0.001467,0.0,0.001766,0.0,0.003026,0.003852,warm_cpu_to_active_process,NONE
0.000299,0.00171,0.0,0.001902,0.0,0.003402,0.003907,warm_cpu_to_active_process,NONE
8.1e-05,0.001198,0.0,0.001445,0.0,0.00243,0.003148,warm_cpu_to_active_process,NONE
8.2e-05,0.001499,0.0,0.001774,0.0,0.002796,0.003614,warm_cpu_to_active_process,NONE
0.000102,0.002099,0.0,0.002487,0.0,0.004039,0.004842,warm_cpu_to_active_process,NONE
6.7e-05,0.001612,0.0,0.001803,0.0,0.003464,0.003889,warm_cpu_to_active_process,NONE
8.7e-05,0.001817,0.0,0.00213,0.0,0.003674,0.004546,warm_cpu_to_active_process,NONE
0.000111,0.001555,0.0,0.001928,0.0,0.003015,0.004084,warm_cpu_to_active_process,NONE
8.4e-05,0.001225,0.0,0.001571,0.0,0.002771,0.003638,warm_cpu_to_active_process,NONE
6.5e-05,0.001085,0.0,0.001274,0.0,0.002468,0.002865,warm_cpu_to_active_process,NONE
8.5e-05,0.001317,0.0,0.001602,0.0,0.002674,0.003148,warm_cpu_to_active_process,NONE
9.4e-05,0.001722,0.0,0.001988,0.0,0.00381,0.004219,warm_cpu_to_active_process,NONE
0.000107,0.002078,0.0,0.002495,0.0,0.004317,0.00641,warm_cpu_to_active_process,NONE
0.000118,0.001808,0.0,0.002074,0.0,0.003569,0.005582,warm_cpu_to_active_process,NONE
9e-05,0.001582,0.0,0.001852,0.0,0.00303,0.00382,warm_cpu_to_active_process,NONE
0.000119,0.002488,0.0,0.00291,0.0,0.003981,0.004917,warm_cpu_to_active_process,NONE
0.000107,0.001243,0.0,0.001489,0.0,0.002897,0.003619,warm_cpu_to_active_process,NONE
6.9e-05,0.001038,0.0,0.001226,0.0,0.002122,0.002594,warm_cpu_to_active_process,NONE
8.3e-05,0.001341,0.0,0.001693,0.0,0.002662,0.00325,warm_cpu_to_active_process,NONE
8e-05,0.001685,0.0,0.00196,0.0,0.003655,0.004215,warm_cpu_to_active_process,NONE
9.1e-05,0.001327,0.0,0.001577,0.0,0.002488,0.003149,warm_cpu_to_active_process,NONE
0.000161,0.002165,0.0,0.002457,0.0,0.003898,0.0048,warm_cpu_to_active_process,NONE
7.7e-05,0.001444,0.0,0.001773,0.0,0.003011,0.003554,warm_cpu_to_active_process,NONE
8.5e-05,0.001511,0.0,0.001785,0.0,0.002798,0.003508,warm_cpu_to_active_process,NONE
8.3e-05,0.00172,0.0,0.002445,0.0,0.003623,0.004295,warm_cpu_to_active_process,NONE
7.6e-05,0.000965,0.0,0.001142,0.0,0.002295,0.002642,warm_cpu_to_active_process,NONE
9.9e-05,0.001811,0.0,0.002112,0.0,0.003544,0.004181,warm_cpu_to_active_process,NONE
0.000106,0.002772,0.0,0.003369,0.0,0.005193,0.005931,warm_cpu_to_active_process,NONE
0.000123,0.002034,0.0,0.002335,0.0,0.004014,0.00538,warm_cpu_to_active_process,NONE
9.3e-05,0.001142,0.0,0.001343,0.0,0.002549,0.003185,warm_cpu_to_active_process,NONE
6.8e-05,0.001902,0.0,0.002093,0.0,0.003069,0.003724,warm_cpu_to_active_process,NONE
0.000163,0.002284,0.0,0.002658,0.0,0.004262,0.004766,warm_cpu_to_active_process,NONE
0.000108,0.001351,0.0,0.001719,0.0,0.003013,0.00354,warm_cpu_to_active_process,NONE
6.6e-05,0.001068,0.0,0.00125,0.0,0.002511,0.002879,warm_cpu_to_active_process,NONE
9.1e-05,0.001349,0.0,0.001635,0.0,0.00289,0.003662,warm_cpu_to_active_process,NONE
7.8e-05,0.001223,0.0,0.001492,0.0,0.002579,0.003615,warm_cpu_to_active_process,NONE
8.1e-05,0.001913,0.0,0.002163,0.0,0.003756,0.004349,warm_cpu_to_active_process,NONE
0.000142,0.001314,0.0,0.001604,0.0,0.002921,0.003434,warm_cpu_to_active_process,NONE
8e-05,0.003555,0.0,0.003983,0.0,0.005112,0.005702,warm_cpu_to_active_process,NONE
0.000109,0.001341,0.0,0.001559,0.0,0.003343,0.003895,warm_cpu_to_active_process,NONE
9.9e-05,0.002233,0.0,0.002546,0.0,0.003713,0.004277,warm_cpu_to_active_process,NONE
0.000101,0.002039,0.0,0.002429,0.0,0.004065,0.004739,warm_cpu_to_active_process,NONE
8.6e-05,0.001886,0.0,0.002172,0.0,0.00356,0.004106,warm_cpu_to_active_process,NONE
7.2e-05,0.001257,0.0,0.001526,0.0,0.002994,0.003687,warm_cpu_to_active_process,NONE
8.5e-05,0.001847,0.0,0.002283,0.0,0.003586,0.00433,warm_cpu_to_active_process,NONE
9.9e-05,0.001394,0.0,0.00167,0.0,0.002567,0.003322,warm_cpu_to_active_process,NONE
9.2e-05,0.001646,0.0,0.002061,0.0,0.003724,0.00432,warm_cpu_to_active_process,NONE
0.000124,0.001828,0.0,0.002253,0.0,0.003234,0.003951,warm_cpu_to_active_process,NONE
0.000149,0.001558,0.0,0.001938,0.0,0.003186,0.003985,warm_cpu_to_active_process,NONE
6.7e-05,0.001171,0.0,0.001373,0.0,0.002513,0.003171,warm_cpu_to_active_process,NONE
