cold_to_warm_disk_start,1705317205.777653,cold_to_warm_disk
cold_to_warm_disk_end,1705317234.10718,cold_to_warm_disk
cold_to_warm_disk_start,1705316268.5221474,cold_to_warm_disk
cold_to_warm_disk_end,1705316290.376017,cold_to_warm_disk
cold_to_warm_disk_start,1705316366.877811,cold_to_warm_disk
cold_to_warm_disk_end,1705316389.7837682,cold_to_warm_disk
cold_to_warm_disk_start,1705316467.477809,cold_to_warm_disk
cold_to_warm_disk_end,1705316492.348991,cold_to_warm_disk
cold_to_warm_disk_start,1705316568.4394774,cold_to_warm_disk
cold_to_warm_disk_end,1705316595.577336,cold_to_warm_disk
cold_to_warm_disk_start,1705316668.775614,cold_to_warm_disk
cold_to_warm_disk_end,1705316698.017719,cold_to_warm_disk
cold_to_warm_disk_start,1705316771.481327,cold_to_warm_disk
cold_to_warm_disk_end,1705316808.798522,cold_to_warm_disk
cold_to_warm_disk_start,1705316885.464385,cold_to_warm_disk
cold_to_warm_disk_end,1705316913.4140158,cold_to_warm_disk
cold_to_warm_disk_start,1705316990.1328182,cold_to_warm_disk
cold_to_warm_disk_end,1705317018.276796,cold_to_warm_disk
cold_to_warm_disk_start,1705317094.6959033,cold_to_warm_disk
cold_to_warm_disk_end,1705317123.6291752,cold_to_warm_disk
